[{"operation":"buy", "unit-cost":10.00, "quantity": 10000}, {"operation":"buy", "unit-cost":25.00, "quantity": 5000}, {"operation":"sell", "unit-cost":15.00, "quantity": 10000}]
[{"operation":"buy", "unit-cost":10.00, "quantity": 10000}, {"operation":"sell", "unit-cost":20.00, "quantity": 5000}, {"operation":"sell", "unit-cost":5.00, "quantity": 5000}]
[{"operation":"buy", "unit-cost":10.00, "quantity": 10000}, {"operation":"sell", "unit-cost":5.00, "quantity": 5000}, {"operation":"sell", "unit-cost":20.00, "quantity": 3000}]
[{"operation":"buy", "unit-cost":10.00, "quantity": 10000}, {"operation":"buy", "unit-cost":25.00, "quantity": 5000}, {"operation":"sell", "unit-cost":15.00, "quantity": 10000}]
[{"operation":"buy", "unit-cost":10.00, "quantity": 10000}, {"operation":"buy", "unit-cost":25.00, "quantity": 5000}, {"operation":"sell", "unit-cost":15.00, "quantity": 10000}, {"operation":"sell", "unit-cost":25.00, "quantity": 5000}]
[{"operation":"buy", "unit-cost":10.00, "quantity": 10000}, {"operation":"sell", "unit-cost":2.00, "quantity": 5000}, {"operation":"sell", "unit-cost":20.00, "quantity": 2000}, {"operation":"sell", "unit-cost":20.00, "quantity": 2000}, {"operation":"sell", "unit-cost":25.00, "quantity": 1000}]
[{"operation":"buy", "unit-cost":10.00, "quantity": 10000}, {"operation":"sell", "unit-cost":2.00, "quantity": 5000}, {"operation":"sell", "unit-cost":20.00, "quantity": 2000}, {"operation":"sell", "unit-cost":20.00, "quantity": 2000}, {"operation":"sell", "unit-cost":25.00, "quantity": 1000}, {"operation":"buy", "unit-cost":20.00, "quantity": 10000}, {"operation":"sell", "unit-cost":15.00, "quantity": 5000}, {"operation":"sell", "unit-cost":30.00, "quantity": 4350}, {"operation":"sell", "unit-cost":30.00, "quantity": 650}]